{
	"textures": [
		{
			"image": "atlas.png",
			"format": "RGBA8888",
			"size": {
				"w": 1869,
				"h": 511
			},
			"scale": 1,
			"frames": [
				{
					"filename": "lowrezbg_bg",
					"rotated": false,
					"trimmed": false,
					"sourceSize": {
						"w": 480,
						"h": 270
					},
					"spriteSourceSize": {
						"x": 0,
						"y": 0,
						"w": 480,
						"h": 270
					},
					"frame": {
						"x": 1,
						"y": 1,
						"w": 480,
						"h": 270
					}
				},
				{
					"filename": "lowrezbg_cockpit",
					"rotated": false,
					"trimmed": false,
					"sourceSize": {
						"w": 480,
						"h": 270
					},
					"spriteSourceSize": {
						"x": 0,
						"y": 0,
						"w": 480,
						"h": 270
					},
					"frame": {
						"x": 483,
						"y": 1,
						"w": 480,
						"h": 270
					}
				},
				{
					"filename": "lowrezbg_road",
					"rotated": false,
					"trimmed": true,
					"sourceSize": {
						"w": 480,
						"h": 270
					},
					"spriteSourceSize": {
						"x": 0,
						"y": 153,
						"w": 480,
						"h": 117
					},
					"frame": {
						"x": 1,
						"y": 273,
						"w": 480,
						"h": 117
					}
				},
				{
					"filename": "lowrezbg_wall",
					"rotated": false,
					"trimmed": true,
					"sourceSize": {
						"w": 480,
						"h": 270
					},
					"spriteSourceSize": {
						"x": 0,
						"y": 82,
						"w": 480,
						"h": 98
					},
					"frame": {
						"x": 965,
						"y": 1,
						"w": 480,
						"h": 98
					}
				},
				{
					"filename": "YouLose",
					"rotated": false,
					"trimmed": false,
					"sourceSize": {
						"w": 359,
						"h": 41
					},
					"spriteSourceSize": {
						"x": 0,
						"y": 0,
						"w": 359,
						"h": 41
					},
					"frame": {
						"x": 1,
						"y": 392,
						"w": 359,
						"h": 41
					}
				},
				{
					"filename": "TheLoop",
					"rotated": false,
					"trimmed": false,
					"sourceSize": {
						"w": 351,
						"h": 41
					},
					"spriteSourceSize": {
						"x": 0,
						"y": 0,
						"w": 351,
						"h": 41
					},
					"frame": {
						"x": 483,
						"y": 273,
						"w": 351,
						"h": 41
					}
				},
				{
					"filename": "sphere_stand_All",
					"rotated": false,
					"trimmed": true,
					"sourceSize": {
						"w": 318,
						"h": 228
					},
					"spriteSourceSize": {
						"x": 52,
						"y": 32,
						"w": 219,
						"h": 161
					},
					"frame": {
						"x": 965,
						"y": 101,
						"w": 219,
						"h": 161
					}
				},
				{
					"filename": "shield_0",
					"rotated": false,
					"trimmed": false,
					"sourceSize": {
						"w": 200,
						"h": 200
					},
					"spriteSourceSize": {
						"x": 0,
						"y": 0,
						"w": 200,
						"h": 200
					},
					"frame": {
						"x": 1186,
						"y": 101,
						"w": 200,
						"h": 200
					}
				},
				{
					"filename": "youwin",
					"rotated": false,
					"trimmed": false,
					"sourceSize": {
						"w": 305,
						"h": 41
					},
					"spriteSourceSize": {
						"x": 0,
						"y": 0,
						"w": 305,
						"h": 41
					},
					"frame": {
						"x": 1447,
						"y": 1,
						"w": 305,
						"h": 41
					}
				},
				{
					"filename": "SelectTarget",
					"rotated": false,
					"trimmed": false,
					"sourceSize": {
						"w": 301,
						"h": 21
					},
					"spriteSourceSize": {
						"x": 0,
						"y": 0,
						"w": 301,
						"h": 21
					},
					"frame": {
						"x": 1,
						"y": 435,
						"w": 301,
						"h": 21
					}
				},
				{
					"filename": "bot1_shadow_0",
					"rotated": false,
					"trimmed": true,
					"sourceSize": {
						"w": 312,
						"h": 312
					},
					"spriteSourceSize": {
						"x": 29,
						"y": 271,
						"w": 270,
						"h": 33
					},
					"frame": {
						"x": 483,
						"y": 316,
						"w": 270,
						"h": 33
					}
				},
				{
					"filename": "sphere_Body",
					"rotated": false,
					"trimmed": true,
					"sourceSize": {
						"w": 318,
						"h": 228
					},
					"spriteSourceSize": {
						"x": 101,
						"y": 58,
						"w": 114,
						"h": 114
					},
					"frame": {
						"x": 1754,
						"y": 1,
						"w": 114,
						"h": 114
					}
				},
				{
					"filename": "subtitle",
					"rotated": false,
					"trimmed": false,
					"sourceSize": {
						"w": 160,
						"h": 33
					},
					"spriteSourceSize": {
						"x": 0,
						"y": 0,
						"w": 160,
						"h": 33
					},
					"frame": {
						"x": 1,
						"y": 458,
						"w": 160,
						"h": 33
					}
				},
				{
					"filename": "ready",
					"rotated": false,
					"trimmed": false,
					"sourceSize": {
						"w": 159,
						"h": 26
					},
					"spriteSourceSize": {
						"x": 0,
						"y": 0,
						"w": 159,
						"h": 26
					},
					"frame": {
						"x": 483,
						"y": 351,
						"w": 159,
						"h": 26
					}
				},
				{
					"filename": "start",
					"rotated": false,
					"trimmed": false,
					"sourceSize": {
						"w": 154,
						"h": 26
					},
					"spriteSourceSize": {
						"x": 0,
						"y": 0,
						"w": 154,
						"h": 26
					},
					"frame": {
						"x": 1447,
						"y": 44,
						"w": 154,
						"h": 26
					}
				},
				{
					"filename": "sphere_stand_Body",
					"rotated": false,
					"trimmed": true,
					"sourceSize": {
						"w": 318,
						"h": 228
					},
					"spriteSourceSize": {
						"x": 101,
						"y": 58,
						"w": 114,
						"h": 114
					},
					"frame": {
						"x": 1388,
						"y": 101,
						"w": 114,
						"h": 114
					}
				},
				{
					"filename": "sphere_stand_destroyed_Body",
					"rotated": false,
					"trimmed": true,
					"sourceSize": {
						"w": 318,
						"h": 228
					},
					"spriteSourceSize": {
						"x": 100,
						"y": 58,
						"w": 114,
						"h": 114
					},
					"frame": {
						"x": 1388,
						"y": 217,
						"w": 114,
						"h": 114
					}
				},
				{
					"filename": "shot",
					"rotated": false,
					"trimmed": false,
					"sourceSize": {
						"w": 100,
						"h": 100
					},
					"spriteSourceSize": {
						"x": 0,
						"y": 0,
						"w": 100,
						"h": 100
					},
					"frame": {
						"x": 1504,
						"y": 72,
						"w": 100,
						"h": 100
					}
				},
				{
					"filename": "explode_28",
					"rotated": false,
					"trimmed": true,
					"sourceSize": {
						"w": 100,
						"h": 100
					},
					"spriteSourceSize": {
						"x": 1,
						"y": 4,
						"w": 94,
						"h": 94
					},
					"frame": {
						"x": 1504,
						"y": 174,
						"w": 94,
						"h": 94
					}
				},
				{
					"filename": "prepfire_3",
					"rotated": false,
					"trimmed": true,
					"sourceSize": {
						"w": 100,
						"h": 100
					},
					"spriteSourceSize": {
						"x": 0,
						"y": 12,
						"w": 85,
						"h": 75
					},
					"frame": {
						"x": 304,
						"y": 435,
						"w": 85,
						"h": 75
					}
				},
				{
					"filename": "explode_29",
					"rotated": false,
					"trimmed": true,
					"sourceSize": {
						"w": 100,
						"h": 100
					},
					"spriteSourceSize": {
						"x": 1,
						"y": 4,
						"w": 94,
						"h": 94
					},
					"frame": {
						"x": 1606,
						"y": 44,
						"w": 94,
						"h": 94
					}
				},
				{
					"filename": "explode_27",
					"rotated": false,
					"trimmed": true,
					"sourceSize": {
						"w": 100,
						"h": 100
					},
					"spriteSourceSize": {
						"x": 2,
						"y": 5,
						"w": 91,
						"h": 91
					},
					"frame": {
						"x": 1504,
						"y": 270,
						"w": 91,
						"h": 91
					}
				},
				{
					"filename": "explode_26",
					"rotated": false,
					"trimmed": true,
					"sourceSize": {
						"w": 100,
						"h": 100
					},
					"spriteSourceSize": {
						"x": 4,
						"y": 7,
						"w": 88,
						"h": 88
					},
					"frame": {
						"x": 391,
						"y": 392,
						"w": 88,
						"h": 88
					}
				},
				{
					"filename": "hit2_9",
					"rotated": false,
					"trimmed": true,
					"sourceSize": {
						"w": 100,
						"h": 100
					},
					"spriteSourceSize": {
						"x": 23,
						"y": 26,
						"w": 50,
						"h": 40
					},
					"frame": {
						"x": 1702,
						"y": 44,
						"w": 50,
						"h": 40
					}
				},
				{
					"filename": "prepfire_0",
					"rotated": false,
					"trimmed": true,
					"sourceSize": {
						"w": 100,
						"h": 100
					},
					"spriteSourceSize": {
						"x": 0,
						"y": 7,
						"w": 89,
						"h": 85
					},
					"frame": {
						"x": 836,
						"y": 273,
						"w": 89,
						"h": 85
					}
				},
				{
					"filename": "explode_23",
					"rotated": false,
					"trimmed": true,
					"sourceSize": {
						"w": 100,
						"h": 100
					},
					"spriteSourceSize": {
						"x": 8,
						"y": 11,
						"w": 79,
						"h": 79
					},
					"frame": {
						"x": 755,
						"y": 316,
						"w": 79,
						"h": 79
					}
				},
				{
					"filename": "prepfire_1",
					"rotated": false,
					"trimmed": true,
					"sourceSize": {
						"w": 100,
						"h": 100
					},
					"spriteSourceSize": {
						"x": 0,
						"y": 7,
						"w": 89,
						"h": 85
					},
					"frame": {
						"x": 836,
						"y": 360,
						"w": 89,
						"h": 85
					}
				},
				{
					"filename": "explode_25",
					"rotated": false,
					"trimmed": true,
					"sourceSize": {
						"w": 100,
						"h": 100
					},
					"spriteSourceSize": {
						"x": 5,
						"y": 8,
						"w": 85,
						"h": 85
					},
					"frame": {
						"x": 927,
						"y": 273,
						"w": 85,
						"h": 85
					}
				},
				{
					"filename": "explode_24",
					"rotated": false,
					"trimmed": true,
					"sourceSize": {
						"w": 100,
						"h": 100
					},
					"spriteSourceSize": {
						"x": 6,
						"y": 9,
						"w": 83,
						"h": 83
					},
					"frame": {
						"x": 927,
						"y": 360,
						"w": 83,
						"h": 83
					}
				},
				{
					"filename": "effect_shielded_20",
					"rotated": false,
					"trimmed": true,
					"sourceSize": {
						"w": 100,
						"h": 100
					},
					"spriteSourceSize": {
						"x": 13,
						"y": 20,
						"w": 78,
						"h": 65
					},
					"frame": {
						"x": 927,
						"y": 445,
						"w": 78,
						"h": 65
					}
				},
				{
					"filename": "prepfire_2",
					"rotated": false,
					"trimmed": true,
					"sourceSize": {
						"w": 100,
						"h": 100
					},
					"spriteSourceSize": {
						"x": 0,
						"y": 10,
						"w": 87,
						"h": 79
					},
					"frame": {
						"x": 1014,
						"y": 264,
						"w": 87,
						"h": 79
					}
				},
				{
					"filename": "effect_shielded_19",
					"rotated": false,
					"trimmed": true,
					"sourceSize": {
						"w": 100,
						"h": 100
					},
					"spriteSourceSize": {
						"x": 14,
						"y": 20,
						"w": 81,
						"h": 63
					},
					"frame": {
						"x": 1103,
						"y": 264,
						"w": 81,
						"h": 63
					}
				},
				{
					"filename": "explode_18",
					"rotated": false,
					"trimmed": true,
					"sourceSize": {
						"w": 100,
						"h": 100
					},
					"spriteSourceSize": {
						"x": 15,
						"y": 18,
						"w": 65,
						"h": 65
					},
					"frame": {
						"x": 1007,
						"y": 445,
						"w": 65,
						"h": 65
					}
				},
				{
					"filename": "effect_shielded_25",
					"rotated": false,
					"trimmed": true,
					"sourceSize": {
						"w": 100,
						"h": 100
					},
					"spriteSourceSize": {
						"x": 6,
						"y": 15,
						"w": 87,
						"h": 76
					},
					"frame": {
						"x": 1606,
						"y": 140,
						"w": 87,
						"h": 76
					}
				},
				{
					"filename": "effect_shielded_24",
					"rotated": false,
					"trimmed": true,
					"sourceSize": {
						"w": 100,
						"h": 100
					},
					"spriteSourceSize": {
						"x": 6,
						"y": 15,
						"w": 86,
						"h": 74
					},
					"frame": {
						"x": 1600,
						"y": 218,
						"w": 86,
						"h": 74
					}
				},
				{
					"filename": "effect_shielded_22",
					"rotated": false,
					"trimmed": true,
					"sourceSize": {
						"w": 100,
						"h": 100
					},
					"spriteSourceSize": {
						"x": 10,
						"y": 18,
						"w": 85,
						"h": 69
					},
					"frame": {
						"x": 1597,
						"y": 294,
						"w": 85,
						"h": 69
					}
				},
				{
					"filename": "effect_shielded_27",
					"rotated": false,
					"trimmed": true,
					"sourceSize": {
						"w": 100,
						"h": 100
					},
					"spriteSourceSize": {
						"x": 8,
						"y": 36,
						"w": 86,
						"h": 55
					},
					"frame": {
						"x": 644,
						"y": 351,
						"w": 86,
						"h": 55
					}
				},
				{
					"filename": "effect_shielded_26",
					"rotated": false,
					"trimmed": true,
					"sourceSize": {
						"w": 100,
						"h": 100
					},
					"spriteSourceSize": {
						"x": 9,
						"y": 36,
						"w": 85,
						"h": 55
					},
					"frame": {
						"x": 1186,
						"y": 303,
						"w": 85,
						"h": 55
					}
				},
				{
					"filename": "effect_shielded_23",
					"rotated": false,
					"trimmed": true,
					"sourceSize": {
						"w": 100,
						"h": 100
					},
					"spriteSourceSize": {
						"x": 8,
						"y": 17,
						"w": 82,
						"h": 71
					},
					"frame": {
						"x": 1273,
						"y": 303,
						"w": 82,
						"h": 71
					}
				},
				{
					"filename": "effect_shielded_16",
					"rotated": false,
					"trimmed": true,
					"sourceSize": {
						"w": 100,
						"h": 100
					},
					"spriteSourceSize": {
						"x": 12,
						"y": 24,
						"w": 77,
						"h": 67
					},
					"frame": {
						"x": 1012,
						"y": 376,
						"w": 77,
						"h": 67
					}
				},
				{
					"filename": "playershot_small_0",
					"rotated": false,
					"trimmed": true,
					"sourceSize": {
						"w": 60,
						"h": 60
					},
					"spriteSourceSize": {
						"x": 5,
						"y": 5,
						"w": 49,
						"h": 50
					},
					"frame": {
						"x": 1702,
						"y": 86,
						"w": 49,
						"h": 50
					}
				},
				{
					"filename": "prepfire_14",
					"rotated": false,
					"trimmed": true,
					"sourceSize": {
						"w": 100,
						"h": 100
					},
					"spriteSourceSize": {
						"x": 28,
						"y": 37,
						"w": 34,
						"h": 28
					},
					"frame": {
						"x": 391,
						"y": 482,
						"w": 34,
						"h": 28
					}
				},
				{
					"filename": "prepfire_4",
					"rotated": false,
					"trimmed": true,
					"sourceSize": {
						"w": 100,
						"h": 100
					},
					"spriteSourceSize": {
						"x": 3,
						"y": 14,
						"w": 80,
						"h": 71
					},
					"frame": {
						"x": 1753,
						"y": 117,
						"w": 80,
						"h": 71
					}
				},
				{
					"filename": "effect_shielded_10",
					"rotated": false,
					"trimmed": true,
					"sourceSize": {
						"w": 100,
						"h": 100
					},
					"spriteSourceSize": {
						"x": 21,
						"y": 26,
						"w": 56,
						"h": 53
					},
					"frame": {
						"x": 1695,
						"y": 140,
						"w": 56,
						"h": 53
					}
				},
				{
					"filename": "explode_17",
					"rotated": false,
					"trimmed": true,
					"sourceSize": {
						"w": 100,
						"h": 100
					},
					"spriteSourceSize": {
						"x": 16,
						"y": 19,
						"w": 63,
						"h": 63
					},
					"frame": {
						"x": 481,
						"y": 447,
						"w": 63,
						"h": 63
					}
				},
				{
					"filename": "effect_shielded_21",
					"rotated": false,
					"trimmed": true,
					"sourceSize": {
						"w": 100,
						"h": 100
					},
					"spriteSourceSize": {
						"x": 11,
						"y": 19,
						"w": 76,
						"h": 66
					},
					"frame": {
						"x": 483,
						"y": 379,
						"w": 76,
						"h": 66
					}
				},
				{
					"filename": "effect_shielded_18",
					"rotated": false,
					"trimmed": true,
					"sourceSize": {
						"w": 100,
						"h": 100
					},
					"spriteSourceSize": {
						"x": 16,
						"y": 21,
						"w": 77,
						"h": 74
					},
					"frame": {
						"x": 561,
						"y": 379,
						"w": 77,
						"h": 74
					}
				},
				{
					"filename": "explode_22",
					"rotated": false,
					"trimmed": true,
					"sourceSize": {
						"w": 100,
						"h": 100
					},
					"spriteSourceSize": {
						"x": 9,
						"y": 12,
						"w": 77,
						"h": 77
					},
					"frame": {
						"x": 640,
						"y": 408,
						"w": 77,
						"h": 77
					}
				},
				{
					"filename": "effect_shielded_12",
					"rotated": false,
					"trimmed": true,
					"sourceSize": {
						"w": 100,
						"h": 100
					},
					"spriteSourceSize": {
						"x": 17,
						"y": 29,
						"w": 64,
						"h": 54
					},
					"frame": {
						"x": 546,
						"y": 455,
						"w": 64,
						"h": 54
					}
				},
				{
					"filename": "hit2_5",
					"rotated": false,
					"trimmed": true,
					"sourceSize": {
						"w": 100,
						"h": 100
					},
					"spriteSourceSize": {
						"x": 32,
						"y": 35,
						"w": 33,
						"h": 30
					},
					"frame": {
						"x": 1835,
						"y": 117,
						"w": 33,
						"h": 30
					}
				},
				{
					"filename": "hit_14",
					"rotated": false,
					"trimmed": true,
					"sourceSize": {
						"w": 100,
						"h": 100
					},
					"spriteSourceSize": {
						"x": 37,
						"y": 33,
						"w": 27,
						"h": 32
					},
					"frame": {
						"x": 362,
						"y": 392,
						"w": 27,
						"h": 32
					}
				},
				{
					"filename": "hit_17",
					"rotated": false,
					"trimmed": true,
					"sourceSize": {
						"w": 100,
						"h": 100
					},
					"spriteSourceSize": {
						"x": 37,
						"y": 33,
						"w": 26,
						"h": 32
					},
					"frame": {
						"x": 612,
						"y": 455,
						"w": 26,
						"h": 32
					}
				},
				{
					"filename": "hit_4",
					"rotated": false,
					"trimmed": true,
					"sourceSize": {
						"w": 100,
						"h": 100
					},
					"spriteSourceSize": {
						"x": 34,
						"y": 37,
						"w": 30,
						"h": 28
					},
					"frame": {
						"x": 427,
						"y": 482,
						"w": 30,
						"h": 28
					}
				},
				{
					"filename": "prepfire_5",
					"rotated": false,
					"trimmed": true,
					"sourceSize": {
						"w": 100,
						"h": 100
					},
					"spriteSourceSize": {
						"x": 5,
						"y": 17,
						"w": 76,
						"h": 66
					},
					"frame": {
						"x": 1103,
						"y": 329,
						"w": 76,
						"h": 66
					}
				},
				{
					"filename": "effect_shielded_17",
					"rotated": false,
					"trimmed": true,
					"sourceSize": {
						"w": 100,
						"h": 100
					},
					"spriteSourceSize": {
						"x": 17,
						"y": 23,
						"w": 74,
						"h": 57
					},
					"frame": {
						"x": 1091,
						"y": 397,
						"w": 74,
						"h": 57
					}
				},
				{
					"filename": "explode_14",
					"rotated": false,
					"trimmed": true,
					"sourceSize": {
						"w": 100,
						"h": 100
					},
					"spriteSourceSize": {
						"x": 21,
						"y": 24,
						"w": 54,
						"h": 54
					},
					"frame": {
						"x": 1074,
						"y": 456,
						"w": 54,
						"h": 54
					}
				},
				{
					"filename": "explode_21",
					"rotated": false,
					"trimmed": true,
					"sourceSize": {
						"w": 100,
						"h": 100
					},
					"spriteSourceSize": {
						"x": 11,
						"y": 14,
						"w": 74,
						"h": 74
					},
					"frame": {
						"x": 1181,
						"y": 360,
						"w": 74,
						"h": 74
					}
				},
				{
					"filename": "effect_shielded_15",
					"rotated": false,
					"trimmed": true,
					"sourceSize": {
						"w": 100,
						"h": 100
					},
					"spriteSourceSize": {
						"x": 14,
						"y": 25,
						"w": 73,
						"h": 64
					},
					"frame": {
						"x": 1257,
						"y": 376,
						"w": 73,
						"h": 64
					}
				},
				{
					"filename": "prepfire_9",
					"rotated": false,
					"trimmed": true,
					"sourceSize": {
						"w": 100,
						"h": 100
					},
					"spriteSourceSize": {
						"x": 15,
						"y": 26,
						"w": 57,
						"h": 48
					},
					"frame": {
						"x": 163,
						"y": 458,
						"w": 57,
						"h": 48
					}
				},
				{
					"filename": "effect_shielded_9",
					"rotated": false,
					"trimmed": true,
					"sourceSize": {
						"w": 100,
						"h": 100
					},
					"spriteSourceSize": {
						"x": 24,
						"y": 28,
						"w": 51,
						"h": 49
					},
					"frame": {
						"x": 222,
						"y": 458,
						"w": 51,
						"h": 49
					}
				},
				{
					"filename": "hit_15",
					"rotated": false,
					"trimmed": true,
					"sourceSize": {
						"w": 100,
						"h": 100
					},
					"spriteSourceSize": {
						"x": 37,
						"y": 33,
						"w": 27,
						"h": 32
					},
					"frame": {
						"x": 275,
						"y": 458,
						"w": 27,
						"h": 32
					}
				},
				{
					"filename": "explode_5",
					"rotated": false,
					"trimmed": true,
					"sourceSize": {
						"w": 100,
						"h": 100
					},
					"spriteSourceSize": {
						"x": 33,
						"y": 36,
						"w": 29,
						"h": 29
					},
					"frame": {
						"x": 1357,
						"y": 303,
						"w": 29,
						"h": 29
					}
				},
				{
					"filename": "prepfire_8",
					"rotated": false,
					"trimmed": true,
					"sourceSize": {
						"w": 100,
						"h": 100
					},
					"spriteSourceSize": {
						"x": 13,
						"y": 23,
						"w": 62,
						"h": 53
					},
					"frame": {
						"x": 1130,
						"y": 456,
						"w": 62,
						"h": 53
					}
				},
				{
					"filename": "explode_16",
					"rotated": false,
					"trimmed": true,
					"sourceSize": {
						"w": 100,
						"h": 100
					},
					"spriteSourceSize": {
						"x": 18,
						"y": 21,
						"w": 60,
						"h": 59
					},
					"frame": {
						"x": 1194,
						"y": 436,
						"w": 60,
						"h": 59
					}
				},
				{
					"filename": "prepfire_6",
					"rotated": false,
					"trimmed": true,
					"sourceSize": {
						"w": 100,
						"h": 100
					},
					"spriteSourceSize": {
						"x": 8,
						"y": 19,
						"w": 71,
						"h": 62
					},
					"frame": {
						"x": 1256,
						"y": 442,
						"w": 71,
						"h": 62
					}
				},
				{
					"filename": "explode_19",
					"rotated": false,
					"trimmed": true,
					"sourceSize": {
						"w": 100,
						"h": 100
					},
					"spriteSourceSize": {
						"x": 14,
						"y": 16,
						"w": 68,
						"h": 69
					},
					"frame": {
						"x": 1332,
						"y": 376,
						"w": 68,
						"h": 69
					}
				},
				{
					"filename": "effect_shielded_14",
					"rotated": false,
					"trimmed": true,
					"sourceSize": {
						"w": 100,
						"h": 100
					},
					"spriteSourceSize": {
						"x": 16,
						"y": 27,
						"w": 69,
						"h": 60
					},
					"frame": {
						"x": 1329,
						"y": 447,
						"w": 69,
						"h": 60
					}
				},
				{
					"filename": "hit_9",
					"rotated": false,
					"trimmed": true,
					"sourceSize": {
						"w": 100,
						"h": 100
					},
					"spriteSourceSize": {
						"x": 28,
						"y": 32,
						"w": 47,
						"h": 40
					},
					"frame": {
						"x": 1357,
						"y": 334,
						"w": 47,
						"h": 40
					}
				},
				{
					"filename": "explode_20",
					"rotated": false,
					"trimmed": true,
					"sourceSize": {
						"w": 100,
						"h": 100
					},
					"spriteSourceSize": {
						"x": 12,
						"y": 15,
						"w": 71,
						"h": 71
					},
					"frame": {
						"x": 1406,
						"y": 333,
						"w": 71,
						"h": 71
					}
				},
				{
					"filename": "effect_shielded_13",
					"rotated": false,
					"trimmed": true,
					"sourceSize": {
						"w": 100,
						"h": 100
					},
					"spriteSourceSize": {
						"x": 15,
						"y": 27,
						"w": 68,
						"h": 58
					},
					"frame": {
						"x": 1402,
						"y": 406,
						"w": 68,
						"h": 58
					}
				},
				{
					"filename": "prepfire_10",
					"rotated": false,
					"trimmed": true,
					"sourceSize": {
						"w": 100,
						"h": 100
					},
					"spriteSourceSize": {
						"x": 18,
						"y": 28,
						"w": 52,
						"h": 44
					},
					"frame": {
						"x": 1400,
						"y": 466,
						"w": 52,
						"h": 44
					}
				},
				{
					"filename": "hit2_14",
					"rotated": false,
					"trimmed": true,
					"sourceSize": {
						"w": 100,
						"h": 100
					},
					"spriteSourceSize": {
						"x": 37,
						"y": 35,
						"w": 23,
						"h": 30
					},
					"frame": {
						"x": 1479,
						"y": 333,
						"w": 23,
						"h": 30
					}
				},
				{
					"filename": "hit2_20",
					"rotated": false,
					"trimmed": true,
					"sourceSize": {
						"w": 100,
						"h": 100
					},
					"spriteSourceSize": {
						"x": 38,
						"y": 35,
						"w": 21,
						"h": 29
					},
					"frame": {
						"x": 732,
						"y": 351,
						"w": 21,
						"h": 29
					}
				},
				{
					"filename": "effect_shielded_11",
					"rotated": false,
					"trimmed": true,
					"sourceSize": {
						"w": 100,
						"h": 100
					},
					"spriteSourceSize": {
						"x": 19,
						"y": 24,
						"w": 60,
						"h": 57
					},
					"frame": {
						"x": 1695,
						"y": 195,
						"w": 60,
						"h": 57
					}
				},
				{
					"filename": "prepfire_7",
					"rotated": false,
					"trimmed": true,
					"sourceSize": {
						"w": 100,
						"h": 100
					},
					"spriteSourceSize": {
						"x": 10,
						"y": 21,
						"w": 67,
						"h": 57
					},
					"frame": {
						"x": 1757,
						"y": 190,
						"w": 67,
						"h": 57
					}
				},
				{
					"filename": "sphere_s1",
					"rotated": false,
					"trimmed": true,
					"sourceSize": {
						"w": 318,
						"h": 228
					},
					"spriteSourceSize": {
						"x": 56,
						"y": 33,
						"w": 42,
						"h": 42
					},
					"frame": {
						"x": 1826,
						"y": 190,
						"w": 42,
						"h": 42
					}
				},
				{
					"filename": "sphere_s2",
					"rotated": false,
					"trimmed": true,
					"sourceSize": {
						"w": 318,
						"h": 228
					},
					"spriteSourceSize": {
						"x": 220,
						"y": 32,
						"w": 42,
						"h": 42
					},
					"frame": {
						"x": 1826,
						"y": 234,
						"w": 42,
						"h": 42
					}
				},
				{
					"filename": "explode_15",
					"rotated": false,
					"trimmed": true,
					"sourceSize": {
						"w": 100,
						"h": 100
					},
					"spriteSourceSize": {
						"x": 19,
						"y": 22,
						"w": 57,
						"h": 57
					},
					"frame": {
						"x": 1688,
						"y": 254,
						"w": 57,
						"h": 57
					}
				},
				{
					"filename": "explode_13",
					"rotated": false,
					"trimmed": true,
					"sourceSize": {
						"w": 100,
						"h": 100
					},
					"spriteSourceSize": {
						"x": 22,
						"y": 25,
						"w": 51,
						"h": 51
					},
					"frame": {
						"x": 1684,
						"y": 313,
						"w": 51,
						"h": 51
					}
				},
				{
					"filename": "blocked2_5",
					"rotated": false,
					"trimmed": true,
					"sourceSize": {
						"w": 100,
						"h": 100
					},
					"spriteSourceSize": {
						"x": 33,
						"y": 37,
						"w": 30,
						"h": 29
					},
					"frame": {
						"x": 1014,
						"y": 345,
						"w": 30,
						"h": 29
					}
				},
				{
					"filename": "effect_shielded_4",
					"rotated": false,
					"trimmed": true,
					"sourceSize": {
						"w": 100,
						"h": 100
					},
					"spriteSourceSize": {
						"x": 35,
						"y": 38,
						"w": 30,
						"h": 29
					},
					"frame": {
						"x": 1046,
						"y": 345,
						"w": 30,
						"h": 29
					}
				},
				{
					"filename": "blocked1_4",
					"rotated": false,
					"trimmed": true,
					"sourceSize": {
						"w": 100,
						"h": 100
					},
					"spriteSourceSize": {
						"x": 37,
						"y": 39,
						"w": 23,
						"h": 26
					},
					"frame": {
						"x": 1078,
						"y": 345,
						"w": 23,
						"h": 26
					}
				},
				{
					"filename": "hit_2",
					"rotated": false,
					"trimmed": true,
					"sourceSize": {
						"w": 100,
						"h": 100
					},
					"spriteSourceSize": {
						"x": 39,
						"y": 39,
						"w": 20,
						"h": 22
					},
					"frame": {
						"x": 459,
						"y": 482,
						"w": 20,
						"h": 22
					}
				},
				{
					"filename": "attack_0",
					"rotated": false,
					"trimmed": true,
					"sourceSize": {
						"w": 64,
						"h": 64
					},
					"spriteSourceSize": {
						"x": 16,
						"y": 16,
						"w": 32,
						"h": 32
					},
					"frame": {
						"x": 1835,
						"y": 149,
						"w": 32,
						"h": 32
					}
				},
				{
					"filename": "hit2_2",
					"rotated": false,
					"trimmed": true,
					"sourceSize": {
						"w": 100,
						"h": 100
					},
					"spriteSourceSize": {
						"x": 38,
						"y": 40,
						"w": 21,
						"h": 21
					},
					"frame": {
						"x": 612,
						"y": 489,
						"w": 21,
						"h": 21
					}
				},
				{
					"filename": "effect_shielded_7",
					"rotated": false,
					"trimmed": true,
					"sourceSize": {
						"w": 100,
						"h": 100
					},
					"spriteSourceSize": {
						"x": 28,
						"y": 32,
						"w": 43,
						"h": 41
					},
					"frame": {
						"x": 1479,
						"y": 365,
						"w": 43,
						"h": 41
					}
				},
				{
					"filename": "explode_12",
					"rotated": false,
					"trimmed": true,
					"sourceSize": {
						"w": 100,
						"h": 100
					},
					"spriteSourceSize": {
						"x": 23,
						"y": 26,
						"w": 49,
						"h": 49
					},
					"frame": {
						"x": 1472,
						"y": 408,
						"w": 49,
						"h": 49
					}
				},
				{
					"filename": "effect_shielded_8",
					"rotated": false,
					"trimmed": true,
					"sourceSize": {
						"w": 100,
						"h": 100
					},
					"spriteSourceSize": {
						"x": 26,
						"y": 30,
						"w": 47,
						"h": 45
					},
					"frame": {
						"x": 1524,
						"y": 363,
						"w": 47,
						"h": 45
					}
				},
				{
					"filename": "explode_11",
					"rotated": false,
					"trimmed": true,
					"sourceSize": {
						"w": 100,
						"h": 100
					},
					"spriteSourceSize": {
						"x": 25,
						"y": 28,
						"w": 45,
						"h": 45
					},
					"frame": {
						"x": 1523,
						"y": 410,
						"w": 45,
						"h": 45
					}
				},
				{
					"filename": "prepfire_11",
					"rotated": false,
					"trimmed": true,
					"sourceSize": {
						"w": 100,
						"h": 100
					},
					"spriteSourceSize": {
						"x": 20,
						"y": 30,
						"w": 48,
						"h": 40
					},
					"frame": {
						"x": 1573,
						"y": 365,
						"w": 48,
						"h": 40
					}
				},
				{
					"filename": "explode_10",
					"rotated": false,
					"trimmed": true,
					"sourceSize": {
						"w": 100,
						"h": 100
					},
					"spriteSourceSize": {
						"x": 26,
						"y": 29,
						"w": 43,
						"h": 43
					},
					"frame": {
						"x": 1623,
						"y": 365,
						"w": 43,
						"h": 43
					}
				},
				{
					"filename": "sphere_s3",
					"rotated": false,
					"trimmed": true,
					"sourceSize": {
						"w": 318,
						"h": 228
					},
					"spriteSourceSize": {
						"x": 52,
						"y": 150,
						"w": 42,
						"h": 42
					},
					"frame": {
						"x": 1668,
						"y": 366,
						"w": 42,
						"h": 42
					}
				},
				{
					"filename": "sphere_s4",
					"rotated": false,
					"trimmed": true,
					"sourceSize": {
						"w": 318,
						"h": 228
					},
					"spriteSourceSize": {
						"x": 229,
						"y": 151,
						"w": 42,
						"h": 42
					},
					"frame": {
						"x": 1712,
						"y": 366,
						"w": 42,
						"h": 42
					}
				},
				{
					"filename": "blocked2_1",
					"rotated": false,
					"trimmed": true,
					"sourceSize": {
						"w": 100,
						"h": 100
					},
					"spriteSourceSize": {
						"x": 42,
						"y": 44,
						"w": 14,
						"h": 14
					},
					"frame": {
						"x": 1257,
						"y": 360,
						"w": 14,
						"h": 14
					}
				},
				{
					"filename": "hit_21",
					"rotated": false,
					"trimmed": true,
					"sourceSize": {
						"w": 100,
						"h": 100
					},
					"spriteSourceSize": {
						"x": 42,
						"y": 38,
						"w": 21,
						"h": 23
					},
					"frame": {
						"x": 732,
						"y": 382,
						"w": 21,
						"h": 23
					}
				},
				{
					"filename": "sphere_stand_s1",
					"rotated": false,
					"trimmed": true,
					"sourceSize": {
						"w": 318,
						"h": 228
					},
					"spriteSourceSize": {
						"x": 56,
						"y": 33,
						"w": 42,
						"h": 42
					},
					"frame": {
						"x": 1454,
						"y": 466,
						"w": 42,
						"h": 42
					}
				},
				{
					"filename": "sphere_stand_s2",
					"rotated": false,
					"trimmed": true,
					"sourceSize": {
						"w": 318,
						"h": 228
					},
					"spriteSourceSize": {
						"x": 220,
						"y": 32,
						"w": 42,
						"h": 42
					},
					"frame": {
						"x": 1498,
						"y": 459,
						"w": 42,
						"h": 42
					}
				},
				{
					"filename": "sphere_stand_s3",
					"rotated": false,
					"trimmed": true,
					"sourceSize": {
						"w": 318,
						"h": 228
					},
					"spriteSourceSize": {
						"x": 52,
						"y": 150,
						"w": 42,
						"h": 42
					},
					"frame": {
						"x": 1542,
						"y": 457,
						"w": 42,
						"h": 42
					}
				},
				{
					"filename": "effect_shielded_1",
					"rotated": false,
					"trimmed": true,
					"sourceSize": {
						"w": 100,
						"h": 100
					},
					"spriteSourceSize": {
						"x": 40,
						"y": 43,
						"w": 19,
						"h": 18
					},
					"frame": {
						"x": 275,
						"y": 492,
						"w": 19,
						"h": 18
					}
				},
				{
					"filename": "hit2_4",
					"rotated": false,
					"trimmed": true,
					"sourceSize": {
						"w": 100,
						"h": 100
					},
					"spriteSourceSize": {
						"x": 34,
						"y": 37,
						"w": 29,
						"h": 26
					},
					"frame": {
						"x": 1447,
						"y": 72,
						"w": 29,
						"h": 26
					}
				},
				{
					"filename": "hit_3",
					"rotated": false,
					"trimmed": true,
					"sourceSize": {
						"w": 100,
						"h": 100
					},
					"spriteSourceSize": {
						"x": 37,
						"y": 38,
						"w": 24,
						"h": 25
					},
					"frame": {
						"x": 1478,
						"y": 72,
						"w": 24,
						"h": 25
					}
				},
				{
					"filename": "hit2_8",
					"rotated": false,
					"trimmed": true,
					"sourceSize": {
						"w": 100,
						"h": 100
					},
					"spriteSourceSize": {
						"x": 25,
						"y": 28,
						"w": 46,
						"h": 37
					},
					"frame": {
						"x": 755,
						"y": 397,
						"w": 46,
						"h": 37
					}
				},
				{
					"filename": "blocked1_6",
					"rotated": false,
					"trimmed": true,
					"sourceSize": {
						"w": 100,
						"h": 100
					},
					"spriteSourceSize": {
						"x": 32,
						"y": 36,
						"w": 31,
						"h": 33
					},
					"frame": {
						"x": 803,
						"y": 397,
						"w": 31,
						"h": 33
					}
				},
				{
					"filename": "explode_7",
					"rotated": false,
					"trimmed": true,
					"sourceSize": {
						"w": 100,
						"h": 100
					},
					"spriteSourceSize": {
						"x": 31,
						"y": 34,
						"w": 34,
						"h": 34
					},
					"frame": {
						"x": 719,
						"y": 408,
						"w": 34,
						"h": 34
					}
				},
				{
					"filename": "sphere_stand_s4",
					"rotated": false,
					"trimmed": true,
					"sourceSize": {
						"w": 318,
						"h": 228
					},
					"spriteSourceSize": {
						"x": 229,
						"y": 151,
						"w": 42,
						"h": 42
					},
					"frame": {
						"x": 719,
						"y": 444,
						"w": 42,
						"h": 42
					}
				},
				{
					"filename": "explode_9",
					"rotated": false,
					"trimmed": true,
					"sourceSize": {
						"w": 100,
						"h": 100
					},
					"spriteSourceSize": {
						"x": 28,
						"y": 31,
						"w": 40,
						"h": 40
					},
					"frame": {
						"x": 763,
						"y": 436,
						"w": 40,
						"h": 40
					}
				},
				{
					"filename": "prepfire_13",
					"rotated": false,
					"trimmed": true,
					"sourceSize": {
						"w": 100,
						"h": 100
					},
					"spriteSourceSize": {
						"x": 25,
						"y": 35,
						"w": 39,
						"h": 32
					},
					"frame": {
						"x": 763,
						"y": 478,
						"w": 39,
						"h": 32
					}
				},
				{
					"filename": "attack_1",
					"rotated": false,
					"trimmed": true,
					"sourceSize": {
						"w": 64,
						"h": 64
					},
					"spriteSourceSize": {
						"x": 16,
						"y": 16,
						"w": 32,
						"h": 32
					},
					"frame": {
						"x": 804,
						"y": 478,
						"w": 32,
						"h": 32
					}
				},
				{
					"filename": "explode_6",
					"rotated": false,
					"trimmed": true,
					"sourceSize": {
						"w": 100,
						"h": 100
					},
					"spriteSourceSize": {
						"x": 33,
						"y": 36,
						"w": 30,
						"h": 29
					},
					"frame": {
						"x": 805,
						"y": 447,
						"w": 30,
						"h": 29
					}
				},
				{
					"filename": "blocked1_5",
					"rotated": false,
					"trimmed": true,
					"sourceSize": {
						"w": 100,
						"h": 100
					},
					"spriteSourceSize": {
						"x": 35,
						"y": 38,
						"w": 27,
						"h": 29
					},
					"frame": {
						"x": 837,
						"y": 447,
						"w": 27,
						"h": 29
					}
				},
				{
					"filename": "hit_11",
					"rotated": false,
					"trimmed": true,
					"sourceSize": {
						"w": 100,
						"h": 100
					},
					"spriteSourceSize": {
						"x": 36,
						"y": 33,
						"w": 28,
						"h": 32
					},
					"frame": {
						"x": 838,
						"y": 478,
						"w": 28,
						"h": 32
					}
				},
				{
					"filename": "prepfire_15",
					"rotated": false,
					"trimmed": true,
					"sourceSize": {
						"w": 100,
						"h": 100
					},
					"spriteSourceSize": {
						"x": 30,
						"y": 40,
						"w": 30,
						"h": 24
					},
					"frame": {
						"x": 866,
						"y": 447,
						"w": 30,
						"h": 24
					}
				},
				{
					"filename": "hit_7",
					"rotated": false,
					"trimmed": true,
					"sourceSize": {
						"w": 100,
						"h": 100
					},
					"spriteSourceSize": {
						"x": 28,
						"y": 35,
						"w": 42,
						"h": 37
					},
					"frame": {
						"x": 868,
						"y": 473,
						"w": 42,
						"h": 37
					}
				},
				{
					"filename": "explode_3",
					"rotated": false,
					"trimmed": true,
					"sourceSize": {
						"w": 100,
						"h": 100
					},
					"spriteSourceSize": {
						"x": 36,
						"y": 39,
						"w": 23,
						"h": 24
					},
					"frame": {
						"x": 898,
						"y": 447,
						"w": 23,
						"h": 24
					}
				},
				{
					"filename": "hit2_27",
					"rotated": false,
					"trimmed": true,
					"sourceSize": {
						"w": 100,
						"h": 100
					},
					"spriteSourceSize": {
						"x": 44,
						"y": 40,
						"w": 12,
						"h": 19
					},
					"frame": {
						"x": 1167,
						"y": 397,
						"w": 12,
						"h": 19
					}
				},
				{
					"filename": "hit_10",
					"rotated": false,
					"trimmed": true,
					"sourceSize": {
						"w": 100,
						"h": 100
					},
					"spriteSourceSize": {
						"x": 26,
						"y": 34,
						"w": 45,
						"h": 31
					},
					"frame": {
						"x": 1757,
						"y": 249,
						"w": 45,
						"h": 31
					}
				},
				{
					"filename": "hit_22",
					"rotated": false,
					"trimmed": true,
					"sourceSize": {
						"w": 100,
						"h": 100
					},
					"spriteSourceSize": {
						"x": 43,
						"y": 39,
						"w": 20,
						"h": 21
					},
					"frame": {
						"x": 1804,
						"y": 249,
						"w": 20,
						"h": 21
					}
				},
				{
					"filename": "hit_8",
					"rotated": false,
					"trimmed": true,
					"sourceSize": {
						"w": 100,
						"h": 100
					},
					"spriteSourceSize": {
						"x": 30,
						"y": 34,
						"w": 43,
						"h": 38
					},
					"frame": {
						"x": 1747,
						"y": 282,
						"w": 43,
						"h": 38
					}
				},
				{
					"filename": "hit2_7",
					"rotated": false,
					"trimmed": true,
					"sourceSize": {
						"w": 100,
						"h": 100
					},
					"spriteSourceSize": {
						"x": 27,
						"y": 30,
						"w": 42,
						"h": 38
					},
					"frame": {
						"x": 1737,
						"y": 322,
						"w": 42,
						"h": 38
					}
				},
				{
					"filename": "blocked1_8",
					"rotated": false,
					"trimmed": true,
					"sourceSize": {
						"w": 100,
						"h": 100
					},
					"spriteSourceSize": {
						"x": 29,
						"y": 36,
						"w": 38,
						"h": 37
					},
					"frame": {
						"x": 1756,
						"y": 362,
						"w": 38,
						"h": 37
					}
				},
				{
					"filename": "effect_shielded_6",
					"rotated": false,
					"trimmed": true,
					"sourceSize": {
						"w": 100,
						"h": 100
					},
					"spriteSourceSize": {
						"x": 30,
						"y": 34,
						"w": 39,
						"h": 37
					},
					"frame": {
						"x": 1792,
						"y": 282,
						"w": 39,
						"h": 37
					}
				},
				{
					"filename": "blocked1_7",
					"rotated": false,
					"trimmed": true,
					"sourceSize": {
						"w": 100,
						"h": 100
					},
					"spriteSourceSize": {
						"x": 30,
						"y": 37,
						"w": 35,
						"h": 34
					},
					"frame": {
						"x": 1833,
						"y": 278,
						"w": 35,
						"h": 34
					}
				},
				{
					"filename": "effect_shielded_5",
					"rotated": false,
					"trimmed": true,
					"sourceSize": {
						"w": 100,
						"h": 100
					},
					"spriteSourceSize": {
						"x": 32,
						"y": 36,
						"w": 35,
						"h": 33
					},
					"frame": {
						"x": 1833,
						"y": 314,
						"w": 35,
						"h": 33
					}
				},
				{
					"filename": "explode_8",
					"rotated": false,
					"trimmed": true,
					"sourceSize": {
						"w": 100,
						"h": 100
					},
					"spriteSourceSize": {
						"x": 29,
						"y": 32,
						"w": 37,
						"h": 37
					},
					"frame": {
						"x": 1781,
						"y": 322,
						"w": 37,
						"h": 37
					}
				},
				{
					"filename": "hit2_10",
					"rotated": false,
					"trimmed": true,
					"sourceSize": {
						"w": 100,
						"h": 100
					},
					"spriteSourceSize": {
						"x": 20,
						"y": 28,
						"w": 40,
						"h": 37
					},
					"frame": {
						"x": 1796,
						"y": 361,
						"w": 40,
						"h": 37
					}
				},
				{
					"filename": "hit_12",
					"rotated": false,
					"trimmed": true,
					"sourceSize": {
						"w": 100,
						"h": 100
					},
					"spriteSourceSize": {
						"x": 36,
						"y": 33,
						"w": 28,
						"h": 32
					},
					"frame": {
						"x": 1838,
						"y": 349,
						"w": 28,
						"h": 32
					}
				},
				{
					"filename": "prepfire_18",
					"rotated": false,
					"trimmed": true,
					"sourceSize": {
						"w": 100,
						"h": 100
					},
					"spriteSourceSize": {
						"x": 38,
						"y": 46,
						"w": 16,
						"h": 13
					},
					"frame": {
						"x": 1194,
						"y": 497,
						"w": 16,
						"h": 13
					}
				},
				{
					"filename": "hit2_6",
					"rotated": false,
					"trimmed": true,
					"sourceSize": {
						"w": 100,
						"h": 100
					},
					"spriteSourceSize": {
						"x": 29,
						"y": 32,
						"w": 38,
						"h": 35
					},
					"frame": {
						"x": 1756,
						"y": 401,
						"w": 38,
						"h": 35
					}
				},
				{
					"filename": "prepfire_12",
					"rotated": false,
					"trimmed": true,
					"sourceSize": {
						"w": 100,
						"h": 100
					},
					"spriteSourceSize": {
						"x": 23,
						"y": 33,
						"w": 43,
						"h": 35
					},
					"frame": {
						"x": 1796,
						"y": 400,
						"w": 43,
						"h": 35
					}
				},
				{
					"filename": "hit_16",
					"rotated": false,
					"trimmed": true,
					"sourceSize": {
						"w": 100,
						"h": 100
					},
					"spriteSourceSize": {
						"x": 37,
						"y": 33,
						"w": 27,
						"h": 32
					},
					"frame": {
						"x": 1841,
						"y": 383,
						"w": 27,
						"h": 32
					}
				},
				{
					"filename": "hit_1",
					"rotated": false,
					"trimmed": true,
					"sourceSize": {
						"w": 100,
						"h": 100
					},
					"spriteSourceSize": {
						"x": 39,
						"y": 40,
						"w": 19,
						"h": 21
					},
					"frame": {
						"x": 635,
						"y": 489,
						"w": 19,
						"h": 21
					}
				},
				{
					"filename": "hit2_3",
					"rotated": false,
					"trimmed": true,
					"sourceSize": {
						"w": 100,
						"h": 100
					},
					"spriteSourceSize": {
						"x": 36,
						"y": 39,
						"w": 25,
						"h": 22
					},
					"frame": {
						"x": 656,
						"y": 488,
						"w": 25,
						"h": 22
					}
				},
				{
					"filename": "blocked2_3",
					"rotated": false,
					"trimmed": true,
					"sourceSize": {
						"w": 100,
						"h": 100
					},
					"spriteSourceSize": {
						"x": 37,
						"y": 40,
						"w": 23,
						"h": 22
					},
					"frame": {
						"x": 683,
						"y": 488,
						"w": 23,
						"h": 22
					}
				},
				{
					"filename": "cursor_flash_0",
					"rotated": false,
					"trimmed": true,
					"sourceSize": {
						"w": 64,
						"h": 64
					},
					"spriteSourceSize": {
						"x": 21,
						"y": 21,
						"w": 22,
						"h": 22
					},
					"frame": {
						"x": 708,
						"y": 488,
						"w": 22,
						"h": 22
					}
				},
				{
					"filename": "effect_shielded_2",
					"rotated": false,
					"trimmed": true,
					"sourceSize": {
						"w": 100,
						"h": 100
					},
					"spriteSourceSize": {
						"x": 39,
						"y": 41,
						"w": 22,
						"h": 22
					},
					"frame": {
						"x": 732,
						"y": 488,
						"w": 22,
						"h": 22
					}
				},
				{
					"filename": "blocked2_4",
					"rotated": false,
					"trimmed": true,
					"sourceSize": {
						"w": 100,
						"h": 100
					},
					"spriteSourceSize": {
						"x": 35,
						"y": 38,
						"w": 26,
						"h": 26
					},
					"frame": {
						"x": 1841,
						"y": 417,
						"w": 26,
						"h": 26
					}
				},
				{
					"filename": "blocked2_8",
					"rotated": false,
					"trimmed": true,
					"sourceSize": {
						"w": 100,
						"h": 100
					},
					"spriteSourceSize": {
						"x": 46,
						"y": 31,
						"w": 17,
						"h": 7
					},
					"frame": {
						"x": 965,
						"y": 264,
						"w": 17,
						"h": 7
					}
				},
				{
					"filename": "blocked1_1",
					"rotated": false,
					"trimmed": true,
					"sourceSize": {
						"w": 100,
						"h": 100
					},
					"spriteSourceSize": {
						"x": 43,
						"y": 45,
						"w": 12,
						"h": 14
					},
					"frame": {
						"x": 1167,
						"y": 418,
						"w": 12,
						"h": 14
					}
				},
				{
					"filename": "blocked2_2",
					"rotated": false,
					"trimmed": true,
					"sourceSize": {
						"w": 100,
						"h": 100
					},
					"spriteSourceSize": {
						"x": 40,
						"y": 42,
						"w": 18,
						"h": 18
					},
					"frame": {
						"x": 1167,
						"y": 436,
						"w": 18,
						"h": 18
					}
				},
				{
					"filename": "hit_6",
					"rotated": false,
					"trimmed": true,
					"sourceSize": {
						"w": 100,
						"h": 100
					},
					"spriteSourceSize": {
						"x": 30,
						"y": 36,
						"w": 38,
						"h": 34
					},
					"frame": {
						"x": 1573,
						"y": 407,
						"w": 38,
						"h": 34
					}
				},
				{
					"filename": "hit_5",
					"rotated": false,
					"trimmed": true,
					"sourceSize": {
						"w": 100,
						"h": 100
					},
					"spriteSourceSize": {
						"x": 32,
						"y": 37,
						"w": 34,
						"h": 30
					},
					"frame": {
						"x": 1613,
						"y": 410,
						"w": 34,
						"h": 30
					}
				},
				{
					"filename": "hit_13",
					"rotated": false,
					"trimmed": true,
					"sourceSize": {
						"w": 100,
						"h": 100
					},
					"spriteSourceSize": {
						"x": 36,
						"y": 33,
						"w": 28,
						"h": 32
					},
					"frame": {
						"x": 1649,
						"y": 410,
						"w": 28,
						"h": 32
					}
				},
				{
					"filename": "hit_18",
					"rotated": false,
					"trimmed": true,
					"sourceSize": {
						"w": 100,
						"h": 100
					},
					"spriteSourceSize": {
						"x": 37,
						"y": 33,
						"w": 26,
						"h": 32
					},
					"frame": {
						"x": 1679,
						"y": 410,
						"w": 26,
						"h": 32
					}
				},
				{
					"filename": "hit_19",
					"rotated": false,
					"trimmed": true,
					"sourceSize": {
						"w": 100,
						"h": 100
					},
					"spriteSourceSize": {
						"x": 37,
						"y": 34,
						"w": 26,
						"h": 31
					},
					"frame": {
						"x": 1707,
						"y": 410,
						"w": 26,
						"h": 31
					}
				},
				{
					"filename": "blocked2_6",
					"rotated": false,
					"trimmed": true,
					"sourceSize": {
						"w": 100,
						"h": 100
					},
					"spriteSourceSize": {
						"x": 46,
						"y": 35,
						"w": 19,
						"h": 34
					},
					"frame": {
						"x": 1735,
						"y": 410,
						"w": 19,
						"h": 34
					}
				},
				{
					"filename": "hit_20",
					"rotated": false,
					"trimmed": true,
					"sourceSize": {
						"w": 100,
						"h": 100
					},
					"spriteSourceSize": {
						"x": 38,
						"y": 34,
						"w": 25,
						"h": 30
					},
					"frame": {
						"x": 1586,
						"y": 443,
						"w": 25,
						"h": 30
					}
				},
				{
					"filename": "hit2_11",
					"rotated": false,
					"trimmed": true,
					"sourceSize": {
						"w": 100,
						"h": 100
					},
					"spriteSourceSize": {
						"x": 36,
						"y": 35,
						"w": 24,
						"h": 30
					},
					"frame": {
						"x": 1613,
						"y": 442,
						"w": 24,
						"h": 30
					}
				},
				{
					"filename": "effect_shielded_3",
					"rotated": false,
					"trimmed": true,
					"sourceSize": {
						"w": 100,
						"h": 100
					},
					"spriteSourceSize": {
						"x": 37,
						"y": 40,
						"w": 26,
						"h": 25
					},
					"frame": {
						"x": 1586,
						"y": 475,
						"w": 26,
						"h": 25
					}
				},
				{
					"filename": "hit2_12",
					"rotated": false,
					"trimmed": true,
					"sourceSize": {
						"w": 100,
						"h": 100
					},
					"spriteSourceSize": {
						"x": 36,
						"y": 35,
						"w": 24,
						"h": 30
					},
					"frame": {
						"x": 1614,
						"y": 474,
						"w": 24,
						"h": 30
					}
				},
				{
					"filename": "explode_4",
					"rotated": false,
					"trimmed": true,
					"sourceSize": {
						"w": 100,
						"h": 100
					},
					"spriteSourceSize": {
						"x": 35,
						"y": 38,
						"w": 25,
						"h": 25
					},
					"frame": {
						"x": 1639,
						"y": 444,
						"w": 25,
						"h": 25
					}
				},
				{
					"filename": "hit2_13",
					"rotated": false,
					"trimmed": true,
					"sourceSize": {
						"w": 100,
						"h": 100
					},
					"spriteSourceSize": {
						"x": 36,
						"y": 35,
						"w": 24,
						"h": 30
					},
					"frame": {
						"x": 1640,
						"y": 471,
						"w": 24,
						"h": 30
					}
				},
				{
					"filename": "hit2_15",
					"rotated": false,
					"trimmed": true,
					"sourceSize": {
						"w": 100,
						"h": 100
					},
					"spriteSourceSize": {
						"x": 37,
						"y": 35,
						"w": 22,
						"h": 30
					},
					"frame": {
						"x": 1666,
						"y": 444,
						"w": 22,
						"h": 30
					}
				},
				{
					"filename": "hit2_16",
					"rotated": false,
					"trimmed": true,
					"sourceSize": {
						"w": 100,
						"h": 100
					},
					"spriteSourceSize": {
						"x": 37,
						"y": 35,
						"w": 22,
						"h": 30
					},
					"frame": {
						"x": 1666,
						"y": 476,
						"w": 22,
						"h": 30
					}
				},
				{
					"filename": "hit2_17",
					"rotated": false,
					"trimmed": true,
					"sourceSize": {
						"w": 100,
						"h": 100
					},
					"spriteSourceSize": {
						"x": 37,
						"y": 35,
						"w": 22,
						"h": 30
					},
					"frame": {
						"x": 1690,
						"y": 444,
						"w": 22,
						"h": 30
					}
				},
				{
					"filename": "hit2_18",
					"rotated": false,
					"trimmed": true,
					"sourceSize": {
						"w": 100,
						"h": 100
					},
					"spriteSourceSize": {
						"x": 37,
						"y": 35,
						"w": 22,
						"h": 30
					},
					"frame": {
						"x": 1690,
						"y": 476,
						"w": 22,
						"h": 30
					}
				},
				{
					"filename": "blocked1_3",
					"rotated": false,
					"trimmed": true,
					"sourceSize": {
						"w": 100,
						"h": 100
					},
					"spriteSourceSize": {
						"x": 39,
						"y": 41,
						"w": 19,
						"h": 22
					},
					"frame": {
						"x": 1714,
						"y": 443,
						"w": 19,
						"h": 22
					}
				},
				{
					"filename": "hit2_19",
					"rotated": false,
					"trimmed": true,
					"sourceSize": {
						"w": 100,
						"h": 100
					},
					"spriteSourceSize": {
						"x": 37,
						"y": 35,
						"w": 22,
						"h": 30
					},
					"frame": {
						"x": 1714,
						"y": 467,
						"w": 22,
						"h": 30
					}
				},
				{
					"filename": "hit_0",
					"rotated": false,
					"trimmed": true,
					"sourceSize": {
						"w": 100,
						"h": 100
					},
					"spriteSourceSize": {
						"x": 39,
						"y": 41,
						"w": 19,
						"h": 19
					},
					"frame": {
						"x": 1735,
						"y": 446,
						"w": 19,
						"h": 19
					}
				},
				{
					"filename": "prepfire_16",
					"rotated": false,
					"trimmed": true,
					"sourceSize": {
						"w": 100,
						"h": 100
					},
					"spriteSourceSize": {
						"x": 33,
						"y": 42,
						"w": 25,
						"h": 20
					},
					"frame": {
						"x": 1756,
						"y": 438,
						"w": 25,
						"h": 20
					}
				},
				{
					"filename": "blocked2_7",
					"rotated": false,
					"trimmed": true,
					"sourceSize": {
						"w": 100,
						"h": 100
					},
					"spriteSourceSize": {
						"x": 46,
						"y": 33,
						"w": 21,
						"h": 16
					},
					"frame": {
						"x": 1,
						"y": 493,
						"w": 21,
						"h": 16
					}
				},
				{
					"filename": "hit_23",
					"rotated": false,
					"trimmed": true,
					"sourceSize": {
						"w": 100,
						"h": 100
					},
					"spriteSourceSize": {
						"x": 43,
						"y": 39,
						"w": 19,
						"h": 21
					},
					"frame": {
						"x": 1738,
						"y": 467,
						"w": 19,
						"h": 21
					}
				},
				{
					"filename": "explode_2",
					"rotated": false,
					"trimmed": true,
					"sourceSize": {
						"w": 100,
						"h": 100
					},
					"spriteSourceSize": {
						"x": 38,
						"y": 41,
						"w": 20,
						"h": 20
					},
					"frame": {
						"x": 1738,
						"y": 490,
						"w": 20,
						"h": 20
					}
				},
				{
					"filename": "prepfire_17",
					"rotated": false,
					"trimmed": true,
					"sourceSize": {
						"w": 100,
						"h": 100
					},
					"spriteSourceSize": {
						"x": 35,
						"y": 45,
						"w": 21,
						"h": 15
					},
					"frame": {
						"x": 24,
						"y": 493,
						"w": 21,
						"h": 15
					}
				},
				{
					"filename": "prepfire_19",
					"rotated": false,
					"trimmed": true,
					"sourceSize": {
						"w": 100,
						"h": 100
					},
					"spriteSourceSize": {
						"x": 39,
						"y": 49,
						"w": 13,
						"h": 8
					},
					"frame": {
						"x": 1804,
						"y": 272,
						"w": 13,
						"h": 8
					}
				},
				{
					"filename": "hit2_1",
					"rotated": false,
					"trimmed": true,
					"sourceSize": {
						"w": 100,
						"h": 100
					},
					"spriteSourceSize": {
						"x": 39,
						"y": 41,
						"w": 20,
						"h": 20
					},
					"frame": {
						"x": 1759,
						"y": 460,
						"w": 20,
						"h": 20
					}
				},
				{
					"filename": "effect_shielded_0",
					"rotated": false,
					"trimmed": true,
					"sourceSize": {
						"w": 100,
						"h": 100
					},
					"spriteSourceSize": {
						"x": 41,
						"y": 43,
						"w": 17,
						"h": 16
					},
					"frame": {
						"x": 47,
						"y": 493,
						"w": 17,
						"h": 16
					}
				},
				{
					"filename": "explode_0",
					"rotated": false,
					"trimmed": true,
					"sourceSize": {
						"w": 100,
						"h": 100
					},
					"spriteSourceSize": {
						"x": 40,
						"y": 43,
						"w": 17,
						"h": 16
					},
					"frame": {
						"x": 66,
						"y": 493,
						"w": 17,
						"h": 16
					}
				},
				{
					"filename": "hit_24",
					"rotated": false,
					"trimmed": true,
					"sourceSize": {
						"w": 100,
						"h": 100
					},
					"spriteSourceSize": {
						"x": 43,
						"y": 39,
						"w": 19,
						"h": 21
					},
					"frame": {
						"x": 1760,
						"y": 482,
						"w": 19,
						"h": 21
					}
				},
				{
					"filename": "hit2_21",
					"rotated": false,
					"trimmed": true,
					"sourceSize": {
						"w": 100,
						"h": 100
					},
					"spriteSourceSize": {
						"x": 43,
						"y": 39,
						"w": 15,
						"h": 21
					},
					"frame": {
						"x": 1783,
						"y": 438,
						"w": 15,
						"h": 21
					}
				},
				{
					"filename": "hit_25",
					"rotated": false,
					"trimmed": true,
					"sourceSize": {
						"w": 100,
						"h": 100
					},
					"spriteSourceSize": {
						"x": 43,
						"y": 39,
						"w": 19,
						"h": 21
					},
					"frame": {
						"x": 1800,
						"y": 437,
						"w": 19,
						"h": 21
					}
				},
				{
					"filename": "hit_27",
					"rotated": false,
					"trimmed": true,
					"sourceSize": {
						"w": 100,
						"h": 100
					},
					"spriteSourceSize": {
						"x": 44,
						"y": 40,
						"w": 18,
						"h": 20
					},
					"frame": {
						"x": 1821,
						"y": 437,
						"w": 18,
						"h": 20
					}
				},
				{
					"filename": "hit_26",
					"rotated": false,
					"trimmed": true,
					"sourceSize": {
						"w": 100,
						"h": 100
					},
					"spriteSourceSize": {
						"x": 43,
						"y": 39,
						"w": 19,
						"h": 21
					},
					"frame": {
						"x": 1781,
						"y": 461,
						"w": 19,
						"h": 21
					}
				},
				{
					"filename": "explode_1",
					"rotated": false,
					"trimmed": true,
					"sourceSize": {
						"w": 100,
						"h": 100
					},
					"spriteSourceSize": {
						"x": 39,
						"y": 42,
						"w": 18,
						"h": 18
					},
					"frame": {
						"x": 1781,
						"y": 484,
						"w": 18,
						"h": 18
					}
				},
				{
					"filename": "blocked2_9",
					"rotated": false,
					"trimmed": true,
					"sourceSize": {
						"w": 100,
						"h": 100
					},
					"spriteSourceSize": {
						"x": 46,
						"y": 29,
						"w": 18,
						"h": 6
					},
					"frame": {
						"x": 1781,
						"y": 504,
						"w": 18,
						"h": 6
					}
				},
				{
					"filename": "hit2_0",
					"rotated": false,
					"trimmed": true,
					"sourceSize": {
						"w": 100,
						"h": 100
					},
					"spriteSourceSize": {
						"x": 39,
						"y": 42,
						"w": 18,
						"h": 18
					},
					"frame": {
						"x": 1802,
						"y": 460,
						"w": 18,
						"h": 18
					}
				},
				{
					"filename": "blocked1_2",
					"rotated": false,
					"trimmed": true,
					"sourceSize": {
						"w": 100,
						"h": 100
					},
					"spriteSourceSize": {
						"x": 41,
						"y": 43,
						"w": 16,
						"h": 18
					},
					"frame": {
						"x": 1822,
						"y": 459,
						"w": 16,
						"h": 18
					}
				},
				{
					"filename": "blocked2_0",
					"rotated": false,
					"trimmed": true,
					"sourceSize": {
						"w": 100,
						"h": 100
					},
					"spriteSourceSize": {
						"x": 44,
						"y": 46,
						"w": 10,
						"h": 10
					},
					"frame": {
						"x": 1091,
						"y": 373,
						"w": 10,
						"h": 10
					}
				},
				{
					"filename": "hit2_28",
					"rotated": false,
					"trimmed": true,
					"sourceSize": {
						"w": 100,
						"h": 100
					},
					"spriteSourceSize": {
						"x": 45,
						"y": 44,
						"w": 7,
						"h": 13
					},
					"frame": {
						"x": 1212,
						"y": 497,
						"w": 7,
						"h": 13
					}
				},
				{
					"filename": "hit_28",
					"rotated": false,
					"trimmed": true,
					"sourceSize": {
						"w": 100,
						"h": 100
					},
					"spriteSourceSize": {
						"x": 45,
						"y": 51,
						"w": 8,
						"h": 9
					},
					"frame": {
						"x": 1747,
						"y": 254,
						"w": 8,
						"h": 9
					}
				},
				{
					"filename": "hit_29",
					"rotated": false,
					"trimmed": true,
					"sourceSize": {
						"w": 100,
						"h": 100
					},
					"spriteSourceSize": {
						"x": 45,
						"y": 51,
						"w": 8,
						"h": 9
					},
					"frame": {
						"x": 1747,
						"y": 265,
						"w": 8,
						"h": 9
					}
				},
				{
					"filename": "blocked1_0",
					"rotated": false,
					"trimmed": true,
					"sourceSize": {
						"w": 100,
						"h": 100
					},
					"spriteSourceSize": {
						"x": 45,
						"y": 46,
						"w": 9,
						"h": 11
					},
					"frame": {
						"x": 1714,
						"y": 499,
						"w": 9,
						"h": 11
					}
				},
				{
					"filename": "hit2_22",
					"rotated": false,
					"trimmed": true,
					"sourceSize": {
						"w": 100,
						"h": 100
					},
					"spriteSourceSize": {
						"x": 43,
						"y": 39,
						"w": 14,
						"h": 21
					},
					"frame": {
						"x": 1841,
						"y": 445,
						"w": 14,
						"h": 21
					}
				},
				{
					"filename": "prepfire_20",
					"rotated": false,
					"trimmed": true,
					"sourceSize": {
						"w": 100,
						"h": 100
					},
					"spriteSourceSize": {
						"x": 41,
						"y": 50,
						"w": 9,
						"h": 6
					},
					"frame": {
						"x": 546,
						"y": 447,
						"w": 9,
						"h": 6
					}
				},
				{
					"filename": "hit2_23",
					"rotated": false,
					"trimmed": true,
					"sourceSize": {
						"w": 100,
						"h": 100
					},
					"spriteSourceSize": {
						"x": 43,
						"y": 39,
						"w": 14,
						"h": 20
					},
					"frame": {
						"x": 1840,
						"y": 468,
						"w": 14,
						"h": 20
					}
				},
				{
					"filename": "hit2_24",
					"rotated": false,
					"trimmed": true,
					"sourceSize": {
						"w": 100,
						"h": 100
					},
					"spriteSourceSize": {
						"x": 43,
						"y": 39,
						"w": 14,
						"h": 20
					},
					"frame": {
						"x": 1801,
						"y": 490,
						"w": 14,
						"h": 20
					}
				},
				{
					"filename": "hit2_29",
					"rotated": false,
					"trimmed": true,
					"sourceSize": {
						"w": 100,
						"h": 100
					},
					"spriteSourceSize": {
						"x": 46,
						"y": 52,
						"w": 6,
						"h": 5
					},
					"frame": {
						"x": 1835,
						"y": 183,
						"w": 6,
						"h": 5
					}
				},
				{
					"filename": "effect_shielded_28",
					"rotated": false,
					"trimmed": true,
					"sourceSize": {
						"w": 100,
						"h": 100
					},
					"spriteSourceSize": {
						"x": 7,
						"y": 35,
						"w": 5,
						"h": 5
					},
					"frame": {
						"x": 1688,
						"y": 218,
						"w": 5,
						"h": 5
					}
				},
				{
					"filename": "hit2_25",
					"rotated": false,
					"trimmed": true,
					"sourceSize": {
						"w": 100,
						"h": 100
					},
					"spriteSourceSize": {
						"x": 43,
						"y": 40,
						"w": 14,
						"h": 19
					},
					"frame": {
						"x": 1817,
						"y": 490,
						"w": 14,
						"h": 19
					}
				},
				{
					"filename": "hit2_26",
					"rotated": false,
					"trimmed": true,
					"sourceSize": {
						"w": 100,
						"h": 100
					},
					"spriteSourceSize": {
						"x": 43,
						"y": 40,
						"w": 14,
						"h": 19
					},
					"frame": {
						"x": 1833,
						"y": 490,
						"w": 14,
						"h": 19
					}
				},
				{
					"filename": "blocked1_9",
					"rotated": false,
					"trimmed": true,
					"sourceSize": {
						"w": 100,
						"h": 100
					},
					"spriteSourceSize": {
						"x": 27,
						"y": 39,
						"w": 4,
						"h": 4
					},
					"frame": {
						"x": 1600,
						"y": 174,
						"w": 4,
						"h": 4
					}
				},
				{
					"filename": "effect_shielded_29",
					"rotated": false,
					"trimmed": true,
					"sourceSize": {
						"w": 100,
						"h": 100
					},
					"spriteSourceSize": {
						"x": 7,
						"y": 35,
						"w": 4,
						"h": 4
					},
					"frame": {
						"x": 459,
						"y": 506,
						"w": 4,
						"h": 4
					}
				},
				{
					"filename": "blocked1_10",
					"rotated": false,
					"trimmed": true,
					"sourceSize": {
						"w": 100,
						"h": 100
					},
					"spriteSourceSize": {
						"x": 0,
						"y": 0,
						"w": 3,
						"h": 3
					},
					"frame": {
						"x": 1181,
						"y": 329,
						"w": 3,
						"h": 3
					}
				},
				{
					"filename": "blocked2_10",
					"rotated": false,
					"trimmed": true,
					"sourceSize": {
						"w": 100,
						"h": 100
					},
					"spriteSourceSize": {
						"x": 0,
						"y": 0,
						"w": 3,
						"h": 3
					},
					"frame": {
						"x": 1181,
						"y": 334,
						"w": 3,
						"h": 3
					}
				},
				{
					"filename": "blocked2_11",
					"rotated": false,
					"trimmed": true,
					"sourceSize": {
						"w": 100,
						"h": 100
					},
					"spriteSourceSize": {
						"x": 0,
						"y": 0,
						"w": 3,
						"h": 3
					},
					"frame": {
						"x": 1181,
						"y": 339,
						"w": 3,
						"h": 3
					}
				},
				{
					"filename": "blocked2_12",
					"rotated": false,
					"trimmed": true,
					"sourceSize": {
						"w": 100,
						"h": 100
					},
					"spriteSourceSize": {
						"x": 0,
						"y": 0,
						"w": 3,
						"h": 3
					},
					"frame": {
						"x": 1181,
						"y": 344,
						"w": 3,
						"h": 3
					}
				},
				{
					"filename": "explode_30",
					"rotated": false,
					"trimmed": true,
					"sourceSize": {
						"w": 318,
						"h": 228
					},
					"spriteSourceSize": {
						"x": 0,
						"y": 0,
						"w": 3,
						"h": 3
					},
					"frame": {
						"x": 1181,
						"y": 349,
						"w": 3,
						"h": 3
					}
				},
				{
					"filename": "prepfire_21",
					"rotated": false,
					"trimmed": true,
					"sourceSize": {
						"w": 100,
						"h": 100
					},
					"spriteSourceSize": {
						"x": 43,
						"y": 50,
						"w": 3,
						"h": 3
					},
					"frame": {
						"x": 1181,
						"y": 354,
						"w": 3,
						"h": 3
					}
				},
				{
					"filename": "prepfire_22",
					"rotated": false,
					"trimmed": true,
					"sourceSize": {
						"w": 100,
						"h": 100
					},
					"spriteSourceSize": {
						"x": 0,
						"y": 0,
						"w": 3,
						"h": 3
					},
					"frame": {
						"x": 362,
						"y": 426,
						"w": 3,
						"h": 3
					}
				},
				{
					"filename": "prepfire_23",
					"rotated": false,
					"trimmed": true,
					"sourceSize": {
						"w": 100,
						"h": 100
					},
					"spriteSourceSize": {
						"x": 0,
						"y": 0,
						"w": 3,
						"h": 3
					},
					"frame": {
						"x": 1074,
						"y": 445,
						"w": 3,
						"h": 3
					}
				},
				{
					"filename": "sphere_stand_destroyed_s1",
					"rotated": false,
					"trimmed": true,
					"sourceSize": {
						"w": 318,
						"h": 228
					},
					"spriteSourceSize": {
						"x": 0,
						"y": 0,
						"w": 3,
						"h": 3
					},
					"frame": {
						"x": 1472,
						"y": 459,
						"w": 3,
						"h": 3
					}
				},
				{
					"filename": "sphere_stand_destroyed_s2",
					"rotated": false,
					"trimmed": true,
					"sourceSize": {
						"w": 318,
						"h": 228
					},
					"spriteSourceSize": {
						"x": 0,
						"y": 0,
						"w": 3,
						"h": 3
					},
					"frame": {
						"x": 296,
						"y": 492,
						"w": 3,
						"h": 3
					}
				},
				{
					"filename": "sphere_stand_destroyed_s3",
					"rotated": false,
					"trimmed": true,
					"sourceSize": {
						"w": 318,
						"h": 228
					},
					"spriteSourceSize": {
						"x": 0,
						"y": 0,
						"w": 3,
						"h": 3
					},
					"frame": {
						"x": 755,
						"y": 436,
						"w": 3,
						"h": 3
					}
				},
				{
					"filename": "sphere_stand_destroyed_s4",
					"rotated": false,
					"trimmed": true,
					"sourceSize": {
						"w": 318,
						"h": 228
					},
					"spriteSourceSize": {
						"x": 0,
						"y": 0,
						"w": 3,
						"h": 3
					},
					"frame": {
						"x": 912,
						"y": 473,
						"w": 3,
						"h": 3
					}
				}
			]
		}
	],
	"meta": {
		"app": "https://www.codeandweb.com/texturepacker",
		"version": "3.0",
		"smartupdate": "$TexturePacker:SmartUpdate:130abfb38a588dbcf3bd62d3176e3057:fde01394c0a6e271b16916d6ce6f6c6c:cbce6b53f0f49e0bf15173c25c41f876$"
	}
}
